HB,Month,ReferralsReceived,ReferralsAccepted
S08000015,202401,415,380
S08000016,202401,379,333
S08000017,202401,310,295
S08000019,202401,480,428
S08000020,202401,792,792
S08000022,202401,258,240
S08000024,202401,1446,1424
S08000025,202401,17,17
S08000026,202401,32,29
S08000028,202401,33,29
S08000029,202401,880,770
S08000030,202401,794,715
S08000031,202401,2499,2499
S08000032,202401,1288,1162
S92000003,202401,9714,9182
SB0803,202401,91,69
S08000015,202402,427,398
S08000016,202402,332,290
S08000017,202402,314,292
S08000019,202402,459,414
S08000020,202402,761,761
S08000022,202402,280,261
S08000024,202402,1454,1429
S08000025,202402,17,17
S08000026,202402,37,37
S08000028,202402,32,31
S08000029,202402,948,816
S08000030,202402,853,786
S08000031,202402,2191,2191
S08000032,202402,1297,1178
S92000003,202402,9485,8966
SB0803,202402,83,65
S08000015,202403,419,389
S08000016,202403,357,317
S08000017,202403,275,265
S08000019,202403,428,385
S08000020,202403,1123,1123
S08000022,202403,251,232
S08000024,202403,1381,1369
S08000025,202403,23,23
S08000026,202403,35,32
S08000028,202403,25,25
S08000029,202403,946,830
S08000030,202403,841,772
S08000031,202403,2083,2083
S08000032,202403,1178,1039
S92000003,202403,9446,8943
SB0803,202403,81,59
S08000015,202404,406,374
S08000016,202404,277,258
S08000017,202404,297,284
S08000019,202404,453,408
S08000020,202404,1285,1178
S08000022,202404,283,267
S08000024,202404,1387,1353
S08000025,202404,21,21
S08000026,202404,20,19
S08000028,202404,43,40
S08000029,202404,742,648
S08000030,202404,783,699
S08000031,202404,2456,2456
S08000032,202404,1286,1140
S92000003,202404,9853,9216
SB0803,202404,114,71
S08000015,202405,423,400
S08000016,202405,329,307
S08000017,202405,242,223
S08000019,202405,531,475
S08000020,202405,1425,1231
S08000022,202405,273,263
S08000024,202405,1515,1480
S08000025,202405,22,22
S08000026,202405,36,36
S08000028,202405,36,35
S08000029,202405,934,922
S08000030,202405,853,779
S08000031,202405,2614,2614
S08000032,202405,1222,1111
S92000003,202405,10563,9966
SB0803,202405,108,68
S08000015,202406,431,396
S08000016,202406,252,233
S08000017,202406,270,250
S08000019,202406,530,469
S08000020,202406,1247,1082
S08000022,202406,267,255
S08000024,202406,1349,1330
S08000025,202406,13,13
S08000026,202406,28,27
S08000028,202406,31,29
S08000029,202406,822,726
S08000030,202406,657,584
S08000031,202406,2233,2233
S08000032,202406,1099,1025
S92000003,202406,9307,8706
SB0803,202406,78,54
S08000015,202407,426,396
S08000016,202407,254,233
S08000017,202407,277,262
S08000019,202407,493,476
S08000020,202407,1184,1109
S08000022,202407,250,234
S08000024,202407,1297,1275
S08000025,202407,25,25
S08000026,202407,27,27
S08000028,202407,28,25
S08000029,202407,829,733
S08000030,202407,767,688
S08000031,202407,2121,2121
S08000032,202407,1090,972
S92000003,202407,9169,8645
SB0803,202407,101,69
S08000015,202408,454,436
S08000016,202408,279,256
S08000017,202408,279,262
S08000019,202408,540,514
S08000020,202408,1147,1077
S08000022,202408,288,282
S08000024,202408,1311,1278
S08000025,202408,19,19
S08000026,202408,48,48
S08000028,202408,35,35
S08000029,202408,978,842
S08000030,202408,827,768
S08000031,202408,2461,2461
S08000032,202408,1057,948
S92000003,202408,9807,9286
SB0803,202408,84,60
S08000015,202409,419,408
S08000016,202409,245,231
S08000017,202409,243,230
S08000019,202409,501,477
S08000020,202409,1238,1125
S08000022,202409,297,282
S08000024,202409,1440,1377
S08000025,202409,21,21
S08000026,202409,30,30
S08000028,202409,30,29
S08000029,202409,914,790
S08000030,202409,746,682
S08000031,202409,2415,2415
S08000032,202409,1060,957
S92000003,202409,9704,9131
SB0803,202409,105,77
S08000015,202410,529,486
S08000016,202410,277,259
S08000017,202410,317,262
S08000019,202410,528,504
S08000020,202410,1327,1197
S08000022,202410,319,302
S08000024,202410,1524,1485
S08000025,202410,26,26
S08000026,202410,51,50
S08000028,202410,36,34
S08000029,202410,892,793
S08000030,202410,757,670
S08000031,202410,2822,2822
S08000032,202410,1146,988
S92000003,202410,10649,9949
SB0803,202410,98,71
S08000015,202411,479,453
S08000016,202411,291,266
S08000017,202411,291,245
S08000019,202411,508,481
S08000020,202411,1359,1210
S08000022,202411,327,320
S08000024,202411,1483,1439
S08000025,202411,27,27
S08000026,202411,34,34
S08000028,202411,31,31
S08000029,202411,963,832
S08000030,202411,793,702
S08000031,202411,2759,2759
S08000032,202411,1089,988
S92000003,202411,10539,9859
SB0803,202411,105,72
S08000015,202412,364,348
S08000016,202412,272,250
S08000017,202412,233,187
S08000019,202412,436,413
S08000020,202412,1174,1075
S08000022,202412,268,256
S08000024,202412,1067,1033
S08000025,202412,14,14
S08000026,202412,15,15
S08000028,202412,33,32
S08000029,202412,719,614
S08000030,202412,669,593
S08000031,202412,1999,1999
S08000032,202412,790,662
S92000003,202412,8120,7538
SB0803,202412,67,47
