HB,Month,TotalPatientsWaiting,Waiting0To18Weeks,Waiting19To35Weeks,Waiting36To52Weeks,WaitingOver52Weeks
S08000015,202501,703,485,99,41,78
S08000016,202501,538,485,49,4,0
S08000017,202501,820,455,212,111,42
S08000019,202501,2775,951,596,423,805
S08000020,202501,3329,2313,832,158,26
S08000022,202501,893,602,185,40,66
S08000024,202501,4110,2952,867,208,83
S08000025,202501,54,53,1,0,0
S08000026,202501,207,119,48,29,11
S08000028,202501,149,48,21,17,63
S08000029,202501,2314,1302,578,236,198
S08000030,202501,2946,1305,766,484,391
S08000031,202501,3570,2672,798,73,27
S08000032,202501,2117,1298,587,151,81
S92000003,202501,24526,15041,5639,1975,1871
SB0803,202501,1,1,0,0,0
S08000015,202502,736,514,109,32,81
S08000016,202502,519,481,32,6,0
S08000017,202502,762,423,194,96,49
S08000019,202502,2822,962,557,435,868
S08000020,202502,3349,2465,738,135,11
S08000022,202502,783,485,198,39,61
S08000024,202502,3997,2822,873,223,79
S08000025,202502,52,52,0,0,0
S08000026,202502,180,101,45,21,13
S08000028,202502,153,53,21,21,58
S08000029,202502,2352,1354,532,266,200
S08000030,202502,2821,1250,762,443,366
S08000031,202502,3738,2851,788,73,26
S08000032,202502,2122,1346,554,140,82
S92000003,202502,24388,15161,5403,1930,1894
SB0803,202502,2,2,0,0,0
S08000015,202503,750,501,134,39,76
S08000016,202503,530,485,43,2,0
S08000017,202503,751,429,176,96,50
S08000019,202503,2907,963,611,421,912
S08000020,202503,3428,2540,749,130,9
S08000022,202503,707,419,185,42,61
S08000024,202503,4287,2977,948,280,82
S08000025,202503,71,71,0,0,0
S08000026,202503,177,97,55,11,14
S08000028,202503,153,47,29,19,58
S08000029,202503,2493,1443,577,262,211
S08000030,202503,2790,1244,759,433,354
S08000031,202503,3627,2950,555,94,28
S08000032,202503,2097,1316,564,136,81
S92000003,202503,24775,15489,5385,1965,1936
SB0803,202503,7,7,0,0,0
S08000015,202504,776,521,140,39,76
S08000016,202504,541,488,48,5,0
S08000017,202504,702,430,132,90,50
S08000019,202504,2937,953,631,413,940
S08000020,202504,3400,2542,752,96,10
S08000022,202504,678,390,173,52,63
S08000024,202504,4021,2622,974,322,103
S08000025,202504,68,68,0,0,0
S08000026,202504,178,101,52,18,7
S08000028,202504,146,49,29,22,46
S08000029,202504,2445,1403,566,274,202
S08000030,202504,2762,1250,706,468,338
S08000031,202504,3369,2704,536,112,17
S08000032,202504,2071,1283,585,115,88
S92000003,202504,24157,14864,5327,2026,1940
SB0801,202504,58,55,3,0,0
SB0803,202504,5,5,0,0,0
S08000015,202505,673,454,95,50,74
S08000016,202505,564,510,47,7,0
S08000017,202505,709,447,120,88,54
S08000019,202505,2865,910,573,419,963
S08000020,202505,3334,2584,652,93,5
S08000022,202505,666,415,133,52,66
S08000024,202505,4087,2745,883,347,112
S08000025,202505,62,62,0,0,0
S08000026,202505,180,105,53,13,9
S08000028,202505,128,41,29,16,42
S08000029,202505,2461,1470,486,300,205
S08000030,202505,2579,1225,597,411,346
S08000031,202505,3232,2662,451,98,21
S08000032,202505,1989,1324,481,93,91
S92000003,202505,23583,15004,4603,1988,1988
SB0801,202505,52,48,3,1,0
SB0803,202505,2,2,0,0,0
S08000015,202506,682,470,92,56,64
S08000016,202506,572,516,47,9,0
S08000017,202506,640,388,126,71,55
S08000019,202506,2787,829,560,403,995
S08000020,202506,3490,2723,637,120,10
S08000022,202506,677,421,133,57,66
S08000024,202506,4093,2711,910,345,127
S08000025,202506,63,62,1,0,0
S08000026,202506,201,125,53,15,8
S08000028,202506,144,56,29,17,42
S08000029,202506,2501,1529,489,277,206
S08000030,202506,2475,1182,610,354,329
S08000031,202506,3412,2769,510,103,30
S08000032,202506,2007,1345,466,92,104
S92000003,202506,23804,15182,4666,1920,2036
SB0801,202506,58,54,3,1,0
SB0803,202506,2,2,0,0,0
S08000015,202507,686,494,84,57,51
S08000016,202507,576,517,53,6,0
S08000017,202507,578,332,126,68,52
S08000019,202507,2791,816,513,446,1016
S08000020,202507,3537,2689,690,145,13
S08000022,202507,667,418,126,51,72
S08000024,202507,4077,2673,913,342,149
S08000025,202507,58,58,0,0,0
S08000026,202507,208,125,55,22,6
S08000028,202507,145,60,26,22,37
S08000029,202507,2508,1439,567,302,200
S08000030,202507,2367,1129,627,303,308
S08000031,202507,3476,2799,556,88,33
S08000032,202507,2138,1408,478,140,112
S92000003,202507,23876,15015,4820,1992,2049
SB0801,202507,56,50,6,0,0
SB0803,202507,8,8,0,0,0
S08000015,202508,650,442,95,49,64
S08000016,202508,583,524,55,4,0
S08000017,202508,631,386,129,55,61
S08000019,202508,2736,815,470,454,997
S08000020,202508,3680,2780,749,143,8
S08000022,202508,669,399,148,43,79
S08000024,202508,4182,2781,903,347,151
S08000025,202508,56,56,0,0,0
S08000026,202508,204,107,73,19,5
S08000028,202508,140,53,24,24,39
S08000029,202508,2541,1490,570,266,215
S08000030,202508,2409,1216,633,248,312
S08000031,202508,3655,2946,604,71,34
S08000032,202508,2168,1422,491,142,113
S92000003,202508,24360,15472,4945,1865,2078
SB0801,202508,43,42,1,0,0
SB0803,202508,13,13,0,0,0
S08000015,202509,691,485,96,40,70
S08000016,202509,608,546,61,1,0
S08000017,202509,582,364,127,37,54
S08000019,202509,2733,794,483,397,1059
S08000020,202509,3601,2743,739,114,5
S08000022,202509,729,426,181,37,85
S08000024,202509,4227,2779,905,375,168
S08000025,202509,57,57,0,0,0
S08000026,202509,202,99,77,21,5
S08000028,202509,147,53,23,27,44
S08000029,202509,2475,1456,605,237,177
S08000030,202509,2352,1266,557,210,319
S08000031,202509,3568,2929,555,56,28
S08000032,202509,2238,1416,548,154,120
S92000003,202509,24275,15471,4960,1710,2134
SB0801,202509,48,41,3,4,0
SB0803,202509,17,17,0,0,0
S08000015,202510,640,426,107,55,52
S08000016,202510,595,526,67,2,0
S08000017,202510,583,397,117,31,38
S08000019,202510,2740,810,465,396,1069
S08000020,202510,3661,2737,791,129,4
S08000022,202510,753,453,171,43,86
S08000024,202510,4162,2705,883,404,170
S08000025,202510,54,54,0,0,0
S08000026,202510,206,104,73,21,8
S08000028,202510,143,43,23,30,47
S08000029,202510,2352,1346,584,251,171
S08000030,202510,2376,1348,504,205,319
S08000031,202510,3534,2896,556,67,15
S08000032,202510,2223,1359,560,170,134
S92000003,202510,24096,15275,4904,1804,2113
SB0801,202510,61,58,3,0,0
SB0803,202510,13,13,0,0,0
S08000015,202511,691,479,102,43,67
S08000016,202511,583,521,60,2,0
S08000017,202511,532,366,96,34,36
S08000019,202511,2649,807,406,352,1084
S08000020,202511,3731,2845,743,140,3
S08000022,202511,758,467,175,40,76
S08000024,202511,4039,2750,801,387,101
S08000025,202511,59,57,2,0,0
S08000026,202511,203,103,67,23,10
S08000028,202511,148,54,21,22,51
S08000029,202511,2464,1455,558,256,195
S08000030,202511,2346,1338,435,238,335
S08000031,202511,3570,2914,549,86,21
S08000032,202511,2197,1385,506,161,145
S92000003,202511,24047,15612,4527,1784,2124
SB0801,202511,56,50,6,0,0
SB0803,202511,21,21,0,0,0
S08000015,202512,698,485,97,53,63
S08000016,202512,641,572,67,2,0
S08000017,202512,558,390,94,43,31
S08000019,202512,2713,851,402,336,1124
S08000020,202512,3595,2634,809,151,1
S08000022,202512,816,490,181,60,85
S08000024,202512,4208,2758,943,393,114
S08000025,202512,57,57,0,0,0
S08000026,202512,199,106,53,31,9
S08000028,202512,137,55,16,19,47
S08000029,202512,2634,1570,594,284,186
S08000030,202512,2397,1392,459,235,311
S08000031,202512,3855,3098,612,125,20
S08000032,202512,2157,1299,529,179,150
S92000003,202512,24750,15835,4862,1912,2141
SB0801,202512,63,56,6,1,0
SB0803,202512,22,22,0,0,0
